college_name,alias,abbreviation,transcripts,mid_year,letter_of_rec_required,letter_of_rec_total,people_for_letters,sat,sat_essay,act_essay,self_report,subject_tests,essays,supplemental_essays,acceptance_rate,population,national_ranking,tuition_normal,tuition_oos,early_decision,early_action,regular_decision,scholarship_date,interview,app_fee,app_site,common_app,coalition_app,college_logo,school_type,state,college_description,college_campus
"University of California, San Diego",UC San Diego,UCSD,Not Required,Not Required,0,0,,Required,Required,Required,Not Allowed,Recommended,"4 / 1. Describe an example of your leadership experience in which you have positively influenced others, helped resolve disputes or contributed to group efforts over time. (350) / 2. Every person has a creative side, and it can be expressed in many ways: problem solving, original and innovative thinking, and artistically, to name a few. Describe how you express your creative side. (350) / 
3. What would you say is your greatest talent or skill? How have you developed and demonstrated that talent over time? (350) / 4. Describe how you have taken advantage of a significant educational opportunity or worked to overcome an educational barrier you have faced. (350) / 5. Describe the most significant challenge you have faced and the steps you have taken to overcome this challenge. How has this challenge affected your academic achievement? (350) / 6.  Think about an academic subject that inspires you. Describe how you have furthered this interest inside and/or outside of the classroom. (350) / 7. What have you done to make your school or your community a better place? (350) / 8. Beyond what has already been shared in your application, what do you believe makes you stand out as a strong candidate for admissions to the University of California? (350)",,32.3,30794,37,14451,44205,-1,-1,1606694460,1606694460,none,70,UC Application,n,n,https://act.ucsd.edu/softball/static/img/ucsdtritons-logo.png,Public,CA,"The University of California, San Diego (UC San Diego or, colloquially, UCSD) is a public research university in San Diego, California. UCSD is considered one of the country's Public Ivies. As of August 2018, UC San Diego faculty, researchers and alumni have won 27 Nobel Prizes and three Fields Medals, eight National Medals of Science, eight MacArthur Fellowships, and three Pulitzer Prizes.",https://i.ibb.co/8M6pPH3/0UCSD.jpg
"University of California, Berkeley",UC Berkeley,UCB,Not Required,Not Required,0,0,,Required,Required,Required,Not Allowed,Recommended,"4 / 1. Describe an example of your leadership experience in which you have positively influenced others, helped resolve disputes or contributed to group efforts over time. (350) / 2. Every person has a creative side, and it can be expressed in many ways: problem solving, original and innovative thinking, and artistically, to name a few. Describe how you express your creative side. (350) / 
3. What would you say is your greatest talent or skill? How have you developed and demonstrated that talent over time? (350) / 4. Describe how you have taken advantage of a significant educational opportunity or worked to overcome an educational barrier you have faced. (350) / 5. Describe the most significant challenge you have faced and the steps you have taken to overcome this challenge. How has this challenge affected your academic achievement? (350) / 6.  Think about an academic subject that inspires you. Describe how you have furthered this interest inside and/or outside of the classroom. (350) / 7. What have you done to make your school or your community a better place? (350) / 8. Beyond what has already been shared in your application, what do you believe makes you stand out as a strong candidate for admissions to the University of California? (350)",,16.4,31348,22,14254,44008,-1,-1,1606694460,1606694460,none,70,UC Application,n,n,https://seeklogo.com/images/U/university-of-california-berkeley-athletic-logo-815CB73082-seeklogo.com.png,Public,CA,"The University of California, Berkeley (UC Berkeley, Berkeley, Cal, or California) is a public research university in Berkeley, California. Founded in 1868, it is the oldest and flagship campus of the University of California system and has been ranked by numerous major education publications as among the top 10 universities in the world.As of October 2019, Berkeley alumni, faculty members and researchers include 107 Nobel laureates, the third most of any university worldwide, as well as 25 Turing Award winners and 14 Fields Medalists.",https://i.ibb.co/DW5Zmjj/1UCB.jpg
"University of California, Los Angeles",UC Los Angeles,UCLA,Not Required,Not Required,0,0,,Required,Required,Required,Not Allowed,Recommended,"4 / 1. Describe an example of your leadership experience in which you have positively influenced others, helped resolve disputes or contributed to group efforts over time. (350) / 2. Every person has a creative side, and it can be expressed in many ways: problem solving, original and innovative thinking, and artistically, to name a few. Describe how you express your creative side. (350) / 
3. What would you say is your greatest talent or skill? How have you developed and demonstrated that talent over time? (350) / 4. Describe how you have taken advantage of a significant educational opportunity or worked to overcome an educational barrier you have faced. (350) / 5. Describe the most significant challenge you have faced and the steps you have taken to overcome this challenge. How has this challenge affected your academic achievement? (350) / 6.  Think about an academic subject that inspires you. Describe how you have furthered this interest inside and/or outside of the classroom. (350) / 7. What have you done to make your school or your community a better place? (350) / 8. Beyond what has already been shared in your application, what do you believe makes you stand out as a strong candidate for admissions to the University of California? (350)",,12.4,31577,20,13239,42993,-1,-1,1606694460,1606694460,none,70,UC Application,n,n,https://upload.wikimedia.org/wikipedia/commons/thumb/e/ed/UCLA_Bruins_script.svg/1200px-UCLA_Bruins_script.svg.png,Public,CA,"The University of California, Los Angeles (UCLA) is a public research university in Los Angeles. The university is organized into six undergraduate colleges, seven professional schools, and four professional health science schools.The undergraduate colleges are the College of Letters and Science; Samueli School of Engineering; School of the Arts and Architecture; Herb Alpert School of Music; School of Theater, Film and Television; and School of Nursing. It offers 337 undergraduate and graduate degree programs in a wide range of disciplines.",https://i.ibb.co/SxtyV5v/2UCLA.jpg
"University of California, Santa Barbara",UC Santa Barbara,UCSB,Not Required,Not Required,0,0,,Required,Required,Required,Not Allowed,Recommended,"4 / 1. Describe an example of your leadership experience in which you have positively influenced others, helped resolve disputes or contributed to group efforts over time. (350) / 2. Every person has a creative side, and it can be expressed in many ways: problem solving, original and innovative thinking, and artistically, to name a few. Describe how you express your creative side. (350) / 
3. What would you say is your greatest talent or skill? How have you developed and demonstrated that talent over time? (350) / 4. Describe how you have taken advantage of a significant educational opportunity or worked to overcome an educational barrier you have faced. (350) / 5. Describe the most significant challenge you have faced and the steps you have taken to overcome this challenge. How has this challenge affected your academic achievement? (350) / 6.  Think about an academic subject that inspires you. Describe how you have furthered this interest inside and/or outside of the classroom. (350) / 7. What have you done to make your school or your community a better place? (350) / 8. Beyond what has already been shared in your application, what do you believe makes you stand out as a strong candidate for admissions to the University of California? (350)",,29.7,23349,34,12570,42234,-1,-1,1606694460,1606694460,none,70,UC Application,n,n,https://upload.wikimedia.org/wikipedia/en/thumb/a/a8/UC_Santa_Barbara_Gauchos_logo.svg/1200px-UC_Santa_Barbara_Gauchos_logo.svg.png,Public,CA,"The University of California, Santa Barbara (UC Santa Barbara or UCSB) is a public research university in Santa Barbara, California. It is one of the 10 campuses of the University of California system. Tracing its roots back to 1891 as an independent teachers' college, UCSB joined the University of California system in 1944 and is the third-oldest general-education campus in the system. UC Santa Barbara is a research university with 10 national research centers,including the Kavli Institute for Theoretical Physics and the Center for Control, Dynamical-Systems and Computation.",https://i.ibb.co/jb8yXfJ/3UCSB.jpg
"University of California, Santa Cruz",UC Santa Cruz,UCSC,Not Required,Not Required,0,0,,Required,Required,Required,Not Allowed,Recommended,"4 / 1. Describe an example of your leadership experience in which you have positively influenced others, helped resolve disputes or contributed to group efforts over time. (350) / 2. Every person has a creative side, and it can be expressed in many ways: problem solving, original and innovative thinking, and artistically, to name a few. Describe how you express your creative side. (350) / 
3. What would you say is your greatest talent or skill? How have you developed and demonstrated that talent over time? (350) / 4. Describe how you have taken advantage of a significant educational opportunity or worked to overcome an educational barrier you have faced. (350) / 5. Describe the most significant challenge you have faced and the steps you have taken to overcome this challenge. How has this challenge affected your academic achievement? (350) / 6.  Think about an academic subject that inspires you. Describe how you have furthered this interest inside and/or outside of the classroom. (350) / 7. What have you done to make your school or your community a better place? (350) / 8. Beyond what has already been shared in your application, what do you believe makes you stand out as a strong candidate for admissions to the University of California? (350)",,51.5,17517,84,13989,43743,-1,-1,1606694460,1606694460,none,70,UC Application,n,n,https://shop.ucsc.edu/students-in-recovery/images/fiat-slug.jpg,Public,CA,"The University of California, Santa Cruz (UC Santa Cruz or UCSC) is a public research university in Santa Cruz, California. It is one of 10 campuses in the University of California system. Located 75 miles (120 km) south of San Francisco at the edge of the coastal community of Santa Cruz, the campus lies on 2,001 acres (810 ha) of rolling, forested hills overlooking the Pacific Ocean and Monterey Bay.
",https://i.ibb.co/nDNRYHq/4UCSC.jpg
"University of California, Davis",UC Davis,UCD,Not Required,Not Required,0,0,,Required,Required,Required,Not Allowed,Recommended,"4 / 1. Describe an example of your leadership experience in which you have positively influenced others, helped resolve disputes or contributed to group efforts over time. (350) / 2. Every person has a creative side, and it can be expressed in many ways: problem solving, original and innovative thinking, and artistically, to name a few. Describe how you express your creative side. (350) / 
3. What would you say is your greatest talent or skill? How have you developed and demonstrated that talent over time? (350) / 4. Describe how you have taken advantage of a significant educational opportunity or worked to overcome an educational barrier you have faced. (350) / 5. Describe the most significant challenge you have faced and the steps you have taken to overcome this challenge. How has this challenge affected your academic achievement? (350) / 6.  Think about an academic subject that inspires you. Describe how you have furthered this interest inside and/or outside of the classroom. (350) / 7. What have you done to make your school or your community a better place? (350) / 8. Beyond what has already been shared in your application, what do you believe makes you stand out as a strong candidate for admissions to the University of California? (350)",,39.1,30982,39,14490,44244,-1,-1,1606694460,1606694460,none,70,UC Application,n,n,https://upload.wikimedia.org/wikipedia/en/thumb/1/13/UC_Davis_Aggies_logo.svg/1200px-UC_Davis_Aggies_logo.svg.png,Public,CA,"The University of California, Davis (UC Davis), is a public research university and land-grant university adjacent to Davis, California.The institution was founded as a branch in 1905 and became its own separate entity in 1959. The UC Davis faculty includes 23 members of the National Academy of Sciences, 30 members of the American Academy of Arts and Sciences, 17 members of the American Law Institute, 14 members of the Institute of Medicine, and 14 members of the National Academy of Engineering.",https://i.ibb.co/LJ2Lhsy/5UCD.jpg
"University of California, Riverside",UC Riverside,UCR,Not Required,Not Required,0,0,,Required,Required,Required,Not Allowed,Recommended,"4 / 1. Describe an example of your leadership experience in which you have positively influenced others, helped resolve disputes or contributed to group efforts over time. (350) / 2. Every person has a creative side, and it can be expressed in many ways: problem solving, original and innovative thinking, and artistically, to name a few. Describe how you express your creative side. (350) / 
3. What would you say is your greatest talent or skill? How have you developed and demonstrated that talent over time? (350) / 4. Describe how you have taken advantage of a significant educational opportunity or worked to overcome an educational barrier you have faced. (350) / 5. Describe the most significant challenge you have faced and the steps you have taken to overcome this challenge. How has this challenge affected your academic achievement? (350) / 6.  Think about an academic subject that inspires you. Describe how you have furthered this interest inside and/or outside of the classroom. (350) / 7. What have you done to make your school or your community a better place? (350) / 8. Beyond what has already been shared in your application, what do you believe makes you stand out as a strong candidate for admissions to the University of California? (350)",,56.3,22055,91,11442,41196,-1,-1,1606694460,1606694460,none,70,UC Application,n,n,https://sportslogohistory.com/wp-content/uploads/2019/03/uc_riverside_highlanders_2012_a.png,Public,CA,"The University of California, Riverside (UCR or UC Riverside) is a public research university in Riverside, California. It is one of the 10 general campuses of the University of California system. The main campus sits on 1,900 acres (769 ha) in a suburban district of Riverside with a branch campus of 20 acres (8 ha) in Palm Desert. In 1907, the predecessor to UCR was founded as the UC Citrus Experiment Station, Riverside which pioneered research in biological pest control and the use of growth regulators responsible for extending the citrus growing season in California from four to nine months.",https://i.ibb.co/MhQf5hr/6UCR.jpg
"University of California, Merced",UC Merced,UCM,Not Required,Not Required,0,0,,Required,Required,Required,Not Allowed,Recommended,"4 / 1. Describe an example of your leadership experience in which you have positively influenced others, helped resolve disputes or contributed to group efforts over time. (350) / 2. Every person has a creative side, and it can be expressed in many ways: problem solving, original and innovative thinking, and artistically, to name a few. Describe how you express your creative side. (350) / 
3. What would you say is your greatest talent or skill? How have you developed and demonstrated that talent over time? (350) / 4. Describe how you have taken advantage of a significant educational opportunity or worked to overcome an educational barrier you have faced. (350) / 5. Describe the most significant challenge you have faced and the steps you have taken to overcome this challenge. How has this challenge affected your academic achievement? (350) / 6.  Think about an academic subject that inspires you. Describe how you have furthered this interest inside and/or outside of the classroom. (350) / 7. What have you done to make your school or your community a better place? (350) / 8. Beyond what has already been shared in your application, what do you believe makes you stand out as a strong candidate for admissions to the University of California? (350)",,72.6,8151,104,13538,43292,-1,-1,1606694460,1606694460,none,70,UC Application,n,n,https://marketing.ucmerced.edu/sites/marketing.ucmerced.edu/files/images/campus-recreation-logo-rad_900h.png,Public,CA,"The University of California, Merced (UC Merced) is a public research university in Merced, California and is the tenth and newest of the University of California campuses.Established in 2005, UC Merced is classified as ""R2: doctoral universities with high research activity"". UC Merced enrolls 8,847 undergraduates and 696 graduates with 63.8% of students receiving Pell Grants, and more than 99% of UC Merced students coming from California.",https://i.ibb.co/30x0FCt/7UCM.jpg
"University of California, Irvine",UC Irvine,UCI,Not Required,Not Required,0,0,,Required,Required,Required,Not Allowed,Recommended,"4 / 1. Describe an example of your leadership experience in which you have positively influenced others, helped resolve disputes or contributed to group efforts over time. (350) / 2. Every person has a creative side, and it can be expressed in many ways: problem solving, original and innovative thinking, and artistically, to name a few. Describe how you express your creative side. (350) / 
3. What would you say is your greatest talent or skill? How have you developed and demonstrated that talent over time? (350) / 4. Describe how you have taken advantage of a significant educational opportunity or worked to overcome an educational barrier you have faced. (350) / 5. Describe the most significant challenge you have faced and the steps you have taken to overcome this challenge. How has this challenge affected your academic achievement? (350) / 6.  Think about an academic subject that inspires you. Describe how you have furthered this interest inside and/or outside of the classroom. (350) / 7. What have you done to make your school or your community a better place? (350) / 8. Beyond what has already been shared in your application, what do you believe makes you stand out as a strong candidate for admissions to the University of California? (350)",,26.6,30382,36,12570,42234,-1,-1,1606694460,1606694460,none,70,UC Application,n,n,https://i.pinimg.com/originals/7f/f1/d4/7ff1d41f7236c812359dbd0bc38fcc3b.png,Public,CA,"The University of California, Irvine (UCI or UC Irvine) is a public research university in Irvine, California. It is one of the 10 campuses in the University of California (UC) system. UC Irvine offers 87 undergraduate degrees and 129 graduate and professional degrees. The university is classified as a Research I university and in 2017 had $361 million in research and development expenditures, according to the National Science Foundation. UC Irvine became a member of the Association of American Universities in 1996 and is the youngest university to hold membership.",https://i.ibb.co/xh0xhwy/8UCI.jpg
San Diego State University,San Diego State,SDSU,Not Required,Not Required,0,0,,Required,Optional,Optional,Not Allowed,Optional,none,,34,30393,147,7488,19340,-1,-1,1606694460,-1,none,70,Cal State Apply,n,n,https://external-content.duckduckgo.com/iu/?u=https%3A%2F%2Fupload.wikimedia.org%2Fwikipedia%2Fcommons%2Fthumb%2F7%2F7c%2FSan_Diego_State_Aztecs_logo.svg%2F1200px-San_Diego_State_Aztecs_logo.svg.png&f=1&nofb=1,Public,CA,"San Diego State University (SDSU) is a public research university in San Diego, California. Founded in 1897 as San Diego Normal School, it is the third-oldest university in the 23-member California State University (CSU) system. SDSU has a Fall 2019 student body of 35,081 and an alumni base of more than 300000.Itt is classified among ""Doctoral Universities: High Research Activity.""",https://i.ibb.co/d4ftRzc/9SDSU.jpg
New York University,NYU,NYU,Required,Required,1,2,Teacher,Required,Optional,Optional,Not Allowed,Recommended,Common Application,,16,26733,29,50684,50684,1604188860,-1,1609459260,-1,op,80,Common Application,y,n,https://pbs.twimg.com/profile_images/1145689641191911427/nC7mekeC_400x400.png,Private,NY,"New York University (NYU) is a private research university based in New York City. Founded in 1831 by Albert Gallatin as an institution to ""admit based upon merit rather than birthright or social class"", NYU's historical campus is in Greenwich Village. NYU is the largest independent research university in the United States. ",https://i.ibb.co/P556dBj/10NYU.jpg
Boston University,Boston University,BU,Required,Required,2,2,Counselor/Teacher,Required,Optional,Optional,Not Allowed,Optional,Common Application,,22,18515,40,56854,56854,1604188860,1604188860,1609459260,-1,op,80,Common Application / Coalition Application,y,y,https://upload.wikimedia.org/wikipedia/en/thumb/1/15/Boston_University_Terriers_logo.svg/1200px-Boston_University_Terriers_logo.svg.png,Private,MA,"Boston University (BU) is a private research university in Boston, Massachusetts. The university is now nonsectarian, but was originally affiliated with the United Methodist Church.The university has over 3,900 faculty members and nearly 33,000 students, and offers bachelor's degrees, master's degrees, doctorates, and medical, dental, business, and law degrees through 18 schools and colleges on two urban campuses.",https://i.ibb.co/tpNCwTB/11BU.jpg
California State University - Long Beach,CSU Long Beach,CSULB,Not Required,Not Required,0,0,,Required,Optional,Optional,Not Allowed,Optional,none,,31.2,31447,10000,6798,17094,-1,-1,1606694460,-1,none,55,Cal State Apply,n,n,https://collegiatewaterpolo.org/wp-content/uploads/2017/08/Cal-State-Long-Beach-W.png,Public,CA,"California State University, Long Beach (CSULB, Long Beach State, Cal State Long Beach, LBSU, or The Beach) is a public university in Long Beach, California. The 322-acre campus is the third largest[7] of the 23-school California State University system (CSU)[11] and one of the largest universities in the state of California by enrollment.",https://i.ibb.co/SxYJWwr/12CSULB.jpg
Clemson University,Clemson,,Required,Not Required,0,0,,Required,Optional,Optional,Not Allowed,Optional,Common Application,,47,19669,70,15120,38112,-1,-1,1606780860,-1,none,70,Common Application / Clemson Portal,y,n,https://www.pinclipart.com/picdir/big/357-3573593_official-ncaa-clemson-tigers-clemson-tigers-logo-clipart.png,Public,SC,"Clemson University is a public, land-grant research university in Clemson, South Carolina. Founded in 1889, Clemson is the second-largest university in student population in South Carolina. Clemson University is classified among ""R1: Doctoral Universities – Very high research activity.""",https://i.ibb.co/8KzPbv2/13CU.jpg
Case Western Reserve University,Case Western,CWRU,Required,Not Required,3,3,Counselor / Teacher / Teacher,Optional,Optional,Optional,Allowed,Optional,Common Application / Coalition,,33,10677,40,50904,50904,1604188801,1604188860,1610668860,1606780860,op,70,Common Application / Coalition Application,y,y,https://upload.wikimedia.org/wikipedia/en/7/72/Case_Western_Reserve_University_Spartans_logo_mascot.png,Private,OH,"Case Western Reserve University (CWRU) is a private research university in Cleveland, Ohio. It was created in 1967 through the federation of two longstanding contiguous institutions: Western Reserve University, founded in 1826 and named for its location in the Connecticut Western Reserve, and Case Institute of Technology, founded in 1880 through the endowment of Leonard Case, Jr. Time magazine described the merger as the creation of ""Cleveland's Big-Leaguer"" university.

",https://i.ibb.co/Lr12jjG/14CWRU.jpg
Columbia University,Columbia,,Required,Required,2,2,Counselor / Teacher,Required,Required,Optional,Allowed,Optional,1 / 1. Common/Coalition (650),,5.3,6202,3,61850,61850,1604188860,-1,1609459260,-1,y,85,Common Application / Coalition Application,y,y,https://external-content.duckduckgo.com/iu/?u=https%3A%2F%2Fivycoach.com%2Fcontent%2Fuploads%2F2014%2F12%2FColumbia-University-Basketball.png&f=1&nofb=1,Private,NY,"Columbia University  is a private Ivy League research university in New York City. Established in 1754 on the grounds of Trinity Church in Manhattan, Columbia is the oldest institution of higher education in New York and the fifth-oldest institution of higher learning in the United States. It is one of nine colonial colleges founded prior to the Declaration of Independence, seven of which belong to the Ivy League.",https://i.ibb.co/QdVNTfX/15CU.jpg
Rutgers University - New Brunswick,Rutgers,,Required,Required,0,0,na,Required,Required,Optional,Not Allowed,Optional,"1 / 1. Tell a story from your life, describing an experience that either demonstrates your character or helped to shape it. (3800 c) / 2. Describe a time you made a meaningful contribution to others in which the greater good was your focus. Discuss the challenges and rewards of making your contribution. (3800 c) / 3. Has there been a time when you’ve had a long-cherished or accepted belief challenged? How did you respond? How did the challenge affect your beliefs? (3800 c) / 4. What is the hardest part of being a teenager now? What’s the best part? What advice would you give a younger sibling or friend (assuming they would listen to you)? (3800 c) / 5. Submit an essay on the topic of your choice (3800 c)",,60,36039,62,12230,28036,-1,1604188860,1606780860,-1,n,70,Coalition Application  / Rutgers Apply,n,y,https://external-content.duckduckgo.com/iu/?u=http%3A%2F%2Falphasigmaphi.org%2FWebsites%2Falphasigmaphihq%2Fimages%2FSchool_Logos%2FRutgers_Scarlet_Knights.png&f=1&nofb=1,Public,NJ,"Rutgers was originally chartered as Queen's College on November 10, 1766. It is the eighth-oldest college in the United States and one of the nine colonial colleges chartered before the American Revolution. The college was renamed Rutgers College in 1825 in honor of Colonel Henry Rutgers. For most of its existence, Rutgers was a private liberal arts college but it evolved into a coeducational public research university after being designated ""The State University of New Jersey"" by the New Jersey Legislature in laws enacted in 1945 and 1956.",https://i.ibb.co/pLZNwkV/16RU.jpg
Northern Arizona University,Northern Arizona,NAU,Required,Not Required,0,0,na,Required,Required,Optional,Not Allowed,Optional,na,,80.8,30736,10000,11896,26516,-1,-1,1610668860,-1,n,25,Northern Arizona University Personal Advantage Application,n,n,https://i.pinimg.com/originals/72/05/fd/7205fd42cb59499e0f729df4836cd70f.png,Public,AZ,"Northern Arizona University (NAU) is a public research university with its main campus in Flagstaff, Arizona. Governed by the Arizona Board of Regents and accredited by the Higher Learning Commission, the university offers 158 baccalaureate and graduate degree programs. NAU also participates in the Western Undergraduate Exchange Program, which offers lower tuition rates for students from the Western United States.",https://i.ibb.co/BTLTn8c/17NAU.jpg
San Francisco State University,San Francisco State,SFSU,Not Required,Not Required,0,0,na,Required,Optional,Optional,Not Allowed,Optional,na,,71.8,29586,10000,7270,19140,-1,-1,1606694460,-1,n,70,Cal State Apply,n,n,https://s3-us-west-2.amazonaws.com/scorestream-team-profile-pictures/274833/20190414010410_836_mascot1280Near.png,Public,CA,"San Francisco State University (commonly referred to as San Francisco State, SF State and SFSU) is a public university in San Francisco. As part of the 23-campus California State University system, the university offers 118 different bachelor's degrees, 94 master's degrees, and 5 doctoral degrees along with 26 teaching credentials among six academic colleges. The 141 acre campus is located in the southwest part of the city, less than two miles from the Pacific coast.",https://i.ibb.co/HBkXBWP/18SFSU.jpg
University of Connecticut,UConn,UConn,Required,Not Required,0,2,Counselor / Teacher,Optional,Optional,Optional,Not Allowed,Optional,Common Application / Coalition,,48.8,19133,64,14406,37074,-1,-1,1610668860,1606780860,n,80,Common Application / Coalition Application,y,y,https://upload.wikimedia.org/wikipedia/en/thumb/b/b0/Connecticut_Huskies_logo.svg/1200px-Connecticut_Huskies_logo.svg.png,Public,CT,"The University of Connecticut (UConn) is a public research university in Storrs, Connecticut. It was founded in 1881. UConn is one of the founding institutions of the Hartford, Connecticut/Springfield, Massachusetts regional economic and cultural partnership alliance known as New England's Knowledge Corridor. UConn was the second U.S. university invited into Universitas 21, an elite international network of 24 research-intensive universities, who work together to foster global citizenship.
",https://i.ibb.co/mNz9bNp/19UC.jpg
Liberty University,Liberty University,,Required,Not Required,0,0,na,Required,Optional,Optional,Allowed,Optional,1 / 1. How will your personal faith and beliefs contribute to Liberty's mission to develop Christ-centered leaders? (400),,30,60084,10000,23800,23800,-1,-1,1609372860,-1,n,50,Liberty University Application,n,n,https://upload.wikimedia.org/wikipedia/en/thumb/8/80/Liberty_Flames_logo.svg/1200px-Liberty_Flames_logo.svg.png,Private,VA,"Liberty University (LU) is a private evangelical Christian university in Lynchburg, Virginia. It is one of the largest evangelical Christian universities in the world and one of the largest private non-profit universities in the United States, measured by student enrollment. As of 2017, the university enrolls more than 15,000 students at its Lynchburg campus and more than 94,000 students in online courses for a total of about 110,000.",https://i.ibb.co/Tbd81Lg/20LU.jpg
"California State University, Los Angeles",CSU Los Angeles,CSULA,Not Required,Not Required,0,0,na,Required,Optional,Optional,Not Allowed,Optional,na,,41.5,24002,10000,6744,16248,-1,-1,1606694460,-1,n,70,Cal State Apply,n,n,https://www.calstatela.edu/sites/default/files/users/u204986/logo.png,Public,CA,"California State University, Los Angeles (Cal State LA) is a public university in Los Angeles, California. It is part of the 23-campus California State University (CSU) system. Cal State LA offers 129 bachelor's degrees, 112 master's degrees, and four doctoral degrees. The 175-acre (71 ha) hilltop campus core is home to the nation's first Charter College of Education, a NASA-funded SPACE program, Rockefeller-supported humanities center, and a National Science Foundation-funded environmental research center. Cal State LA is home to the Luckman Fine Arts Complex.
",https://i.ibb.co/xHHpx9Y/21CSULA.jpg
Northwestern University,Northwestern,,Required,Required,2,2,Counselor / Teacher,Required,Optional,Optional,Allowed,Recommended,Common Application / Coalition,"1 / Help us understand what aspects of Northwestern appeal most to you, and how you'll make use of specific resources and opportunities here. (300)",9.1,8327,9,56232,56232,1604188860,-1,1609545660,-1,n,75,Common Application / Coalition Application,y,y,https://i.pinimg.com/originals/5f/14/da/5f14dad172312fc78321110a4816cfcd.png,Private,IL,"Northwestern University (NU) is a private research university in Evanston, Illinois. It was founded in 1851 by nine men whose goal was to establish a university that would serve the Northwest Territory. The university is a founding member of the Big Ten Conference and remains the only private university in the conference.Valued at $11.1 billion, Northwestern currently possesses the eighth largest university endowment in the United States.",https://i.ibb.co/J3c7xht/22NU.jpg
Stony Brook University,Stony Brook,,Required,Not Required,1,1,both,Required,Optional,Optional,Not Allowed,Optional,Common Application / Coalition,,42.2,17522,91,10076,28528,-1,-1,1610668860,-1,n,50,Common Application / Coalition Application  / SUNY Application,y,y,https://upload.wikimedia.org/wikipedia/en/thumb/3/3b/Stony_Brook_U_logo_vertical.svg/1200px-Stony_Brook_U_logo_vertical.svg.png,Public,NY,"The State University of New York at Stony Brook, commonly referred to as Stony Brook University (SBU) or SUNY Stony Brook is a public sea-grant and space-grant research university in Stony Brook, New York. It is one of four university centers of the State University of New York system. It is classified among ""R1: Doctoral Universities – Very high research activity.""",https://i.ibb.co/gmY7r3Y/23SBU.jpg
University of Miami,U Of Miami,,Required,Required,2,3,Counselor/Teacher/Teacher,Required,Optional,Optional,Not Allowed,Optional,1 / 1. Common App Essay Prompt (650),,38,11117,57,52080,52080,1604188860,1604188860,1609459260,-1,none,70,Common Application,y,n,https://upload.wikimedia.org/wikipedia/commons/thumb/e/e9/Miami_Hurricanes_logo.svg/1200px-Miami_Hurricanes_logo.svg.png,Private,FL,"The University of Miami (informally referred to as UM, UMiami, U of M or The U)[6][7] is a private research university in Coral Gables, Florida. It is composed of 12 separate colleges/schools, including the Leonard M. Miller School of Medicine in Miami's Health District, a law school on the main campus, and the Rosenstiel School of Marine and Atmospheric Science focused on the study of oceanography and atmospheric sciences on Virginia Key, with research facilities at the Richmond Facility in southern Miami-Dade County.",https://i.ibb.co/3B2gtD1/24UM.jpg
Vanderbilt University,Vanderbilt,,Required,Required,3,4,Counselor/Teacher/Teacher/Any,Required,Optional,Optional,Not Allowed,Optional,1 / 1. Common/Coalition Essay Prompt (650),1 / Please briefly elaborate on one of your extracurricular activities or work experiences (200-400),9.1,6886,15,50800,50800,1604188860,-1,1609459260,1606780860,op,50,Common Application/ Coalition Application,y,y,https://www.pngkey.com/png/full/485-4853064_v04a-vanderbilt-u-gold-gold-vanderbilt-university-logo.png,Private,TN,"Vanderbilt University (informally Vandy or VU) is a private research university in Nashville, Tennessee. Founded in 1873, it was named in honor of shipping and rail magnate Cornelius Vanderbilt, who provided the school its initial $1-million endowment; Vanderbilt hoped that his gift and the greater work of the university would help to heal the sectional wounds inflicted by the Civil War.",https://i.ibb.co/DwkjXdn/25VU.jpg
St John's University-New York,St. John's,,Required,Required,0,0,n/a,Optional,Optional,Optional,Not Allowed,Optional,Common Application,,67.7,16766,179,39960,39960,1605398460,1606780860,1612137660,1611100860,n,0,Common Application / St. John's Application,y,n,https://upload.wikimedia.org/wikipedia/commons/thumb/6/62/St._John%27s_Red_Storm_logo.svg/1200px-St._John%27s_Red_Storm_logo.svg.png,Private,NY,"St. John's University is a private Roman Catholic university in New York City. Founded and run by the Congregation of the Mission (C.M., the Vincentian Fathers) in 1870, the school was originally located in the neighborhood of Bedford–Stuyvesant in the borough of Brooklyn.In the 1950s, the school was relocated to its current site at Utopia Parkway in Hillcrest, Queens. St. John's also has campuses in Staten Island and Manhattan in New York City and overseas in Rome, Italy.",https://i.ibb.co/wW0WgLp/26SJU.jpg
Brown University,Brown,,Required,Required,3,5,Counselor/Teacher/Teacher/Teacher/Teacher,Required,Optional,Optional,Not Allowed,Recommended,1 / 1. Common App Essay Prompt (650),"3 / Brown's Open Curriculum allows students to explore broadly while also diving deeply into their academic pursuits.  Tell us about an academic interest (or interests) that excites you, and how you might use the Open Curriculum to pursue it. (250) / At Brown, you will learn as much from your peers outside the classroom as in academic spaces. How will you contribute to the Brown community? (250) / Tell us about a place or community you call home. How has it shaped your perspective? (250)",6.6,7043,14,57112,57112,1604188860,-1,1609804860,-1,req,75,Common Application,y,n,https://external-content.duckduckgo.com/iu/?u=https%3A%2F%2Fstatic1.squarespace.com%2Fstatic%2F5717ee8e1bbee08525c09f91%2F576f0b8e20099e977d0da86f%2F576f0ba05016e1ce8e43ae1f%2F1467054898385%2FCollege%2BLogos_Brown.png&f=1&nofb=1,Private,RI,"Brown University is a private Ivy League research university in Providence, Rhode Island. Founded in 1764 as the College in the English Colony of Rhode Island and Providence Plantations, it is the seventh-oldest institution of higher education in the United States and one of the nine colonial colleges chartered before the American Revolution.
",https://i.ibb.co/xXzCQtr/27BU.jpg
University of Virginia- Main Campus,U Of Virginia,UVA,Required,Required,2,3,Counselor/Teacher/Teacher,Required,Optional,Optional,Allowed,Optional,1 / 1. Common App Essay Prompt (650),,26.4,16777,28,17891,50920,1602720060,1604188860,1609459260,-1,none,70,Common Application,y,n,https://external-content.duckduckgo.com/iu/?u=https%3A%2F%2Fupload.wikimedia.org%2Fwikipedia%2Fen%2Fthumb%2Fd%2Fd1%2FVirginia_Cavaliers_sabre.svg%2F1200px-Virginia_Cavaliers_sabre.svg.png&f=1&nofb=1,Public,VA,"The University of Virginia (U.Va. or UVA) is a public research university in Charlottesville, Virginia. It was founded in 1819 by United States Declaration of Independence author Thomas Jefferson. It is the flagship university of Virginia and home to Jefferson's Academical Village, a UNESCO World Heritage Site.UVA is known for its historic foundations, student-run honor code and secret societies. The original governing Board of Visitors included Jefferson, James Madison, and James Monroe. ",https://i.ibb.co/FbPVDkS/28UV.jpg
Binghamton University,Binghamton,,Required,Not Required,1,2,Counselor/Teacher,Required,Optional,Optional,Not Allowed,Optional,1 / 1. Common App Essay Prompt (650),1 / Please provide additional information that will help us better understand your academic performance. You may also use this space to explain any chronological gaps in your academic history (e.g. a period of time after high school graduation before applying to college). (250),40,14021,79,7070,24660,-1,1604188860,1610668860,-1,none,50,Common Application/ Coalition Application / SUNY Application,y,y,https://upload.wikimedia.org/wikipedia/en/thumb/d/d8/Binghamton_Bearcats_logo.svg/1200px-Binghamton_Bearcats_logo.svg.png,Public,NY,"The State University of New York at Binghamton (also known as Binghamton University or SUNY Binghamton), is a public research university with campuses in Binghamton, Vestal, and Johnson City, New York. It is one of the four university centers in the State University of New York (SUNY) system.",https://i.ibb.co/LR5WqZs/29BU.jpg
Tulane University of Louisiana,Tulane,,Required,Not Required,1,7,Counselor/Teacher/Teacher/Teacher/any,Required,Optional,Optional,Allowed,Optional,1 / 1. Common App Essay Prompt (650),1 / Please describe why you are interested in attending Tulane University (optional) (50-800). / Please briefly elaborate on one of your extracurricular activities or work experiences. (250).,13.2,6773,40,56800,56800,132293,1610668860,1610668860,-1,op,0,Common Application/ Tulane Application,y,n,https://i0.wp.com/fanapeel.com/wp-content/uploads/logo_-tulane-university-green-wave-green-t-wave.png?ssl=1,Private,LA,"Tulane University is a private research university in New Orleans, Louisiana. It was founded as a public medical college in 1834 and became a comprehensive university in 1847. The institution was made private under the endowments of Paul Tulane and Josephine Louise Newcomb in 1884. Tulane is the 9th oldest private university in the Association of American Universities, which consists of major research universities in the United States and Canada.",https://i.ibb.co/p2ttb01/30TU.jpg
Duke University,Duke,,Required,Required,3,5,Counselor/Teacher/Teacher/Teacher/any,Required,Optional,Optional,Not Allowed,Optional,1 / 1. Common App Essay Prompt (650),"1 / Please share with us why you consider Duke a good match for you.  Is there something in particular about Duke’s academic or other offerings that attract you? (200) / (Optional) Duke University seeks a talented, engaged student body that embodies the wide range of human experience; we believe that the diversity of our students makes our community stronger. If you'd like to share a perspective you bring or experiences you've had to help us understand you better-perhaps related to a community you belong to or your family or cultural background-we encourage you to do so. Real people are reading your application, and we want to do our best to understand and appreciate the real people applying to Duke. (250). / (Optional) Duke's commitment to diversity and inclusion includes sexual orientation, gender identity and gender expression. If you would like to share with us more about how you identify as LGBTQIA+, and have not done so elsewhere in the application, we invite you to do so here.",7.8,6682,10,58198,58198,1604188860,-1,1609545660,1612137660,op,85,Common Application/ Coalition Application,y,y,https://1000logos.net/wp-content/uploads/2017/11/Duke-University-Logo.png,Private,NC,"Duke University is a private research university in Durham, North Carolina. Founded by Methodists and Quakers in the present-day town of Trinity in 1838, the school moved to Durham in 1892. Several faculty members, affiliates and alumni have been awarded the Nobel Prize in recent years.",https://i.ibb.co/KDZDMpF/31DU.jpg
San Jose State University,San Jose State,SJSU,Not Required,Not Required,0,0,none,Required,Optional,Optional,Not Allowed,Optional,none,,55,27327,10000,7852,19446,-1,-1,1606694460,-1,none,70,Cal State Apply,n,n,https://1000logos.net/wp-content/uploads/2019/09/San-Jose-State-Spartans-Logo.png,Public,CA,"San José State University (San Jose State or SJSU) is a public university in San Jose, California. SJSU is the oldest public university on the West Coast and the founding campus of the California State University (CSU) system. Located in downtown San Jose, the SJSU main campus is situated on 154 acres (62 ha), or roughly 19 square blocks.",https://i.ibb.co/LxwYh5P/32SJSU.jpg
University of Chicago,UChicago,,Required,Required,3,7,Counselor/Teacher/Teacher/Teacher/any,Optional,Optional,Optional,Allowed,Optional,1 / 1. Common App Essay Prompt (650),"2 / How does the University of Chicago, as you know it now, satisfy your desire for a particular kind of learning, community, and future? Please address with some specificity your own wishes and how they relate to UChicago./ Who does Sally sell her seashells to? How much wood can a woodchuck really chuck if a woodchuck could chuck wood? Pick a favorite tongue twister (either originally in English or translated from another language) and consider a resolution to its conundrum using the method of your choice. Math, philosophy, linguistics... it's all up to you (or your woodchuck)./ What can actually be divided by zero?/ The seven liberal arts in antiquity consisted of the Quadrivium — astronomy, mathematics, geometry, and music — and the Trivium — rhetoric, grammar, and logic. Describe your own take on the Quadrivium or the Trivium. What do you think is essential for everyone to know?/ Subway maps, evolutionary trees, Lewis diagrams. Each of these schematics tells the relationships and stories of their component parts. Reimagine a map, diagram, or chart. If your work is largely or exclusively visual, please include a cartographer's key of at least 300 words to help us best understand your creation./ ""Do you feel lucky? Well, do ya, punk?"" - Eleanor Roosevelt. Misattribute a famous quote and explore the implications of doing so./ Engineer George de Mestral got frustrated with burrs stuck to his dog’s fur and applied the same mechanic to create Velcro. Scientist Percy Lebaron Spencer found a melted chocolate bar in his magnetron lab and discovered microwave cooking. Dye-works owner Jean Baptiste Jolly found his tablecloth clean after a kerosene lamp was knocked over on it, consequently shaping the future of dry cleaning. Describe a creative or interesting solution, and then find the problem that it solves./ In the spirit of adventurous inquiry (and with the encouragement of one of our current students!) choose one of our past prompts (or create a question of your own). Be original, creative, thought provoking. Draw on your best qualities as a writer, thinker, visionary, social critic, sage, citizen of the world, or future citizen of the University of Chicago; take a little risk, and have fun!",5.9,6306,6,57642,57642,1604275201,1604188860,1609545660,-1,op,75,Common Application/ Coalition Application,y,y,https://chemistry.uchicago.edu/sites/default/files/University_of_Chicago_Modern_Etched_Seal_1.svg__7.png,Private,IL,"The University of Chicago (UChicago, U of C, or Chicago) is a private research university in Chicago, Illinois. Founded in 1890, the school is located on a 217-acre (88-hectare) campus in Chicago's Hyde Park neighborhood. University of Chicago scholars have played a major role in the development of many academic disciplines, including economics, law, literary criticism, mathematics, religion, sociology, and the behavioralism school of political science, establishing the Chicago schools in various fields.",https://i.ibb.co/wLSvCSS/33UC.jpg
Yale University,Yale,,Required,Required,3,3,Counselor/Teacher/Teacher,Required,Optional,Optional,Allowed,Recommended,1 / 1. Common App Essay Prompt (650),,6.3,5964,3,57700,57700,-1,1604188860,1609545660,-1,op,80,Common Application/ Coalition Application,y,y,https://upload.wikimedia.org/wikipedia/en/thumb/e/e5/Yale_Bulldogs_logo.svg/1200px-Yale_Bulldogs_logo.svg.png,Private,CT,"Yale University is a private Ivy League research university in New Haven, Connecticut. Founded in 1701, it is the third-oldest institution of higher education in the United States and one of the nine Colonial Colleges chartered before the American Revolution. Yale College undergraduates follow a liberal arts curriculum with departmental majors and are organized into a social system of residential colleges. ",https://i.ibb.co/74chMcS/34YU.jpg
Fordham University,Fordham,,Not Required,Not Required,1,1,Counselor/Teacher,Required,Optional,Optional,Not Allowed,Optional,Common Essay prompts,,46,9645,74,54093,54093,1604188860,1604188860,1610668860,1612137660,no,70,Common Application,y,n,https://upload.wikimedia.org/wikipedia/en/thumb/b/bb/Fordham_Rams_logo.svg/1200px-Fordham_Rams_logo.svg.png,Private,NY,"Fordham University is a private research university in New York City. Established in 1841 and named for the Fordham neighborhood of the Bronx in which its original campus is located, Fordham is the oldest Catholic and Jesuit university in the northeastern United States, and the third-oldest university in New York State.",https://i.ibb.co/NmPyQQW/35FU.jpg
California State University-Fullerton,CSU Fullerton,CSUF,Not Required,Not Required,0,0,none,Required,Optional,Optional,Not Allowed,Optional,none,,43,34751,10000,6922,16426,-1,-1,1606694460,-1,no,70,Cal State Apply,n,n,https://upload.wikimedia.org/wikipedia/commons/thumb/1/11/CSUF_Titans_Logo.svg/1200px-CSUF_Titans_Logo.svg.png,Public,CA,"California State University, Fullerton (CSUF or Cal State Fullerton) is a public university in Fullerton, California. The university offers 109 degrees: 57 bachelor's degrees and 52 graduate degrees, including three doctorates. CSUF is a Hispanic-serving institution and is eligible to be designated as an Asian American Native American Pacific Islander serving institution (AANAPISI).",https://i.ibb.co/9cmbNv1/36CSUF.jpg
Stanford University,Stanford,,Required,Required,3,4,Counselor / Teacher / Teacher / Any,Required,Optional,Optional,Allowed,Optional,Common Application or Coalition,"3 / The Stanford community is deeply curious and driven to learn in and out of the classroom. Reflect on an idea or experience that makes you genuinely excited about learning (100-250) / Virtually all of Stanford's undergraduates live on campus. Write a note to your future roommate that reveals something about you or that will help your roommate—and us—get to know you better. (100-250) / Tell us about something that is meaningful to you, and why? (100-250)",3.9,7087,6,53529,53529,-1,1604188860,1609545660,1619740860,yes,90,Common Application / Coalition Application,y,y,https://external-content.duckduckgo.com/iu/?u=https%3A%2F%2Firisvision.com%2Fwp-content%2Fuploads%2F2019%2F01%2Flogo-stanford-block.png&f=1&nofb=1,Private,CA,"Stanford University, officially Leland Stanford Junior University,[12] is a private research university in Stanford, California. The university is organized around seven schools: three schools consisting of 40 academic departments at the undergraduate level as well as four professional schools that focus on graduate programs in law, medicine, education, and business. In addition, Stanford University is particularly noted for its entrepreneurship and is one of the most successful universities in attracting funding for start-ups.",https://i.ibb.co/DDjTvv5/37SU.jpg
University of Washington-Seattle Campus,UW Seattle,UW,Not Required,Not Required,0,0,none,Required,Optional,Optional,Not Allowed,Optional,Coalition,"2 / Our families and communities often define us and our individual worlds. Community might refer to your cultural group, extended family, religious group, neighborhood or school, sports team or club, co-workers, etc. Describe the world you come from and how you, as a product of it, might add to the diversity of the UW. (300) / Tell a story from your life, describing an experience that either demonstrates your character or helped to shape it. (500)",49,32099,62,11465,38796,-1,-1,1605398460,1610668860,no,80,Coalition Application,n,y,https://external-content.duckduckgo.com/iu/?u=https%3A%2F%2Fupload.wikimedia.org%2Fwikipedia%2Fcommons%2Fthumb%2F3%2F36%2FUniversity_of_Washington_Purple_Block_W_logo.svg%2F1200px-University_of_Washington_Purple_Block_W_logo.svg.png&f=1&nofb=1,Public,WA,"The University of Washington (UW, simply Washington, or informally U-Dub) is a public research university in Seattle, Washington. Founded in 1861, Washington was first established in downtown Seattle approximately a decade after the city's founding to aid its economic development. Today, the university's 703-acre main Seattle campus is in the University District above the Montlake Cut, within the urban Puget Sound region of the Pacific Northwest. ",https://i.ibb.co/DzDc2Pp/38UW.jpg
University of Massachusetts-Amherst,Umass Amherst,Umass,Not Required,Required,0,1,Any,Required,Optional,Optional,Not Allowed,Optional,Common Application,2 / Please tell us why you want to attend UMass Amherst. (100) / Please tell us why you chose the major you did. (100),60,23515,64,16389,35710,-1,1604448060,1610668860,1602979260,yes,80,Common Application,y,n,https://i.pinimg.com/originals/df/21/78/df2178f43d9c1bf3fb60b298e227583c.png,Public,MA,"The University of Massachusetts Amherst (UMass Amherst, UMass, or Massachusetts) is a public research and land-grant university in Amherst, Massachusetts. It is the flagship campus of the University of Massachusetts system. The University of Massachusetts Amherst is classified among ""R1: Doctoral Universities – Very high research activity""",https://i.ibb.co/YQP1NP4/39UM.jpg
Harvard University,Harvard,,Not Required,Required,2,2,Teacher,Required,Optional,Optional,Allowed,Recommended,,"1 / Unusual circumstances in your life / Travel, living, or working experiences in your own or other communities / What you would want your future college roommate to know about you / An intellectual experience (course, project, book, discussion, paper, poetry, or research topic in engineering, mathematics, science or other modes of inquiry) that has meant the most to you / How you hope to use your college education / A list of books you have read during the past twelve months / The Harvard College Honor code declares that we ""hold honesty as the foundation of our community."" As you consider entering this community that is committed to honesty, please reflect on a time when you or someone you observed had to make a choice about whether to act with integrity and honesty. / The mission of Harvard College is to educate our students to be citizens and citizen-leaders for society. What would you do to contribute to the lives of your classmates in advancing this mission? / Each year a substantial number of students admitted to Harvard defer their admission for one year or take time off during college. If you decided in the future to choose either option, what would you like to do? / Harvard has long recognized the importance of student body diversity of all kinds. We welcome you to write about distinctive aspects of your background, personal development or the intellectual interests you might bring to your Harvard classmates.",5,6788,2,51925,51925,-1,1604188860,1609459260,-1,yes,75,Common Application / Coalition Application  / Universal College Application Harvard supplement,y,y,https://external-content.duckduckgo.com/iu/?u=http%3A%2F%2F1000logos.net%2Fwp-content%2Fuploads%2F2017%2F02%2FHarvard-Logo-500x423.png&f=1&nofb=1,Private,MA,"Harvard University is a private Ivy League research university in Cambridge, Massachusetts, with about 6,800 undergraduate students and about 14,000 postgraduate students. Established in 1636 and named for its first benefactor, clergyman John Harvard, Harvard is the United States' oldest institution of higher learning and one of the most prestigious in the world.",https://i.ibb.co/xSwKswd/40HU.jpg
University of Pennsylvania,UPenn,Penn,Required,Required,2,3,Teacher / Teacher / Any,Required,Optional,Optional,Allowed,Recommended,Common Application or Coalition,"2 / How did you discover your intellectual and academic interests, and how will you explore them at the University of Pennsylvania? Please respond considering the specific undergraduate school you have selected. (300-450) / At Penn, learning and growth happen outside of the classroom, too. How will you explore the community at Penn? Consider how this community will help shape your perspective and identity, and how your identity and perspective will help shape this community. (150-200)",8,10183,6,57770,57770,1604188860,-1,1609804860,-1,yes,75,Common Application / Coalition Application,y,y,https://upload.wikimedia.org/wikipedia/commons/thumb/9/92/UPenn_shield_with_banner.svg/1200px-UPenn_shield_with_banner.svg.png,Private,PA,"The University of Pennsylvania (Penn or UPenn) is a private Ivy League research university in Philadelphia. The University claims a founding date of 1740 and is one of the nine colonial colleges chartered prior to the U.S. Declaration of Independence. Benjamin Franklin, Penn's founder and first president, advocated an educational program that trained leaders in commerce, government, and public service, similar to a modern liberal arts curriculum.",https://i.ibb.co/XD7c0zQ/41UP.jpg
The University of Alabama,Alabama,bama,Not Required,Not Required,0,0,none,Required,Optional,Optional,Allowed,Optional,n/a,,59,33028,153,10780,30250,-1,-1,1612137660,1607990460,no,40,University of Alabama Website,n,n,https://external-content.duckduckgo.com/iu/?u=https%3A%2F%2Fcdn.freebiesupply.com%2Flogos%2Fthumbs%2F2x%2Falabama-crimson-tide-1-logo.png&f=1&nofb=1,Public,AL,"The University of Alabama (Alabama or UA) is a public research university in Tuscaloosa, Alabama. Established in 1820, the University of Alabama is the oldest and largest of the public universities in Alabama as well as the flagship of the University of Alabama System. The university offers programs of study in 13 academic divisions leading to bachelor's, master's, education specialist, and doctoral degrees. The only publicly supported law school in the state is at UA.",https://i.ibb.co/yQTTLfZ/42UA.jpg
University of Illinois at Urbana-Champaign,UIUC,UIUC,Not Required,Not Required,0,0,none,Required,Optional,Optional,Allowed,Optional,Coalition,"2 / Explain your interest in the major you selected and describe how you have recently explored or developed this interest inside and/or outside the classroom. You may also explain how this major relates to your future career goals. If you're applying to the Division of General Studies, explain your academic interests and strengths or your future career goals. You may include any majors or areas of study you're currently considering (300-400) / If you select a second-choice major other than the Division of General Studies on your application, write a second essay explaining your interest in this major, too. (300-400).",66.3,33915,48,16210,33352,-1,1604188860,1609804860,1609804860,no,50,Coalition Application  / myIllini,n,y,https://theconcussionblog.files.wordpress.com/2010/12/uclogo_vert_bold.gif,Public,IL,"The University of Illinois at Urbana–Champaign (U of I, Illinois, UIllinois, or colloquially the University of Illinois or UIUC) is a public land-grant research university in Illinois in the twin cities of Champaign and Urbana. It is the flagship institution of the University of Illinois system and was founded in 1867. The campus library system possesses the second-largest university library in the United States by holdings after Harvard University.[11] The university also hosts the National Center for Supercomputing Applications (NCSA) and is home to the fastest supercomputer on a university campus.",https://i.ibb.co/6R9w2tT/43UIUC.jpg
Michigan State University,Michigan State,MSU,Not Required,Not Required,0,0,none,Required,Optional,Optional,Not Allowed,Optional,"1 / Some students have a background, identity, interest, or talent that is so meaningful they believe their application would be incomplete without it. If this sounds like you, then please share your story. / The lessons we take from obstacles we encounter can be fundamental to later success. Recount a time when you faced a challenge, setback, or failure. How did it affect you, and what did you learn from the experience? / Reflect on a time when you questioned or challenged a belief or idea. What prompted your thinking? What was the outcome? / Describe a problem you've solved or a problem you'd like to solve. It can be an intellectual challenge, a research query, an ethical dilemma - anything that is of personal importance, no matter the scale. Explain its significance to you and what steps you took or could be taken to identify a solution. / Discuss an accomplishment, event, or realization that sparked a period of personal growth and a new understanding of yourself or others. / Describe a topic, idea, or concept you find so engaging that it makes you lose all track of time. Why does it captivate you? What or who do you turn to when you want to learn more? / Share an essay on any topic of your choice. It can be one you've already written, one that responds to a different prompt, or one of your own design.",,71.5,39423,10000,14460,39766,-1,1604188860,1610668860,1604188860,no,65,Common Application / Coalition Application,y,y,https://upload.wikimedia.org/wikipedia/en/thumb/a/a7/Michigan_State_Athletics_logo.svg/1200px-Michigan_State_Athletics_logo.svg.png,Public,MI,"Michigan State University (MSU) is a public research university in East Lansing, Michigan. MSU was founded in 1855 and served as a model for land-grant universities later created under the Morrill Act of 1862. Michigan State is a member of the Association of American Universities, an organization of 65 leading research universities in the US and Canada. ",https://i.ibb.co/Sxj5LdG/44MSU.jpg
University of South Florida-Main Campus,U of South Florida,USF,Required,Not Required,0,0,n/a,Required,Optional,Optional,Not Allowed,Optional,n/a,,42.7,32238,104,4559,15473,-1,-1,1614556860,1610668860,n,30,Coalition Application / VZ CollegeApp: USF,n,y,https://upload.wikimedia.org/wikipedia/en/thumb/c/c1/South_Florida_Bulls_logo.svg/1200px-South_Florida_Bulls_logo.svg.png,Public,FL,"The University of South Florida (USF) is a public research university in Tampa, Florida. It is a member institution of the State University System of Florida. Founded in 1956, USF is the fourth-largest public university in the state of Florida. USF is classified among ""R1: Doctoral Universities – Very high research activity"".",https://i.ibb.co/6nYG7ds/45USF.jpg
Hofstra University,Hofstra,,Required,Required,2,2,Teacher / Counselor,Optional,Optional,Optional,Not Allowed,Optional,Common Application,"1 / In 500 words or fewer, please share why you are currently applying to Hofstra. (500)",68.5,6498,162,46450,46450,-1,1605398460,0,-1,n,70,Common Application / Hofstra Online Application,y,n,https://external-content.duckduckgo.com/iu/?u=https%3A%2F%2Fartstor.files.wordpress.com%2F2015%2F07%2Fhofstra_university-svg.png&f=1&nofb=1,Private,NY,"Hofstra University is a private university in Hempstead, New York. Long Island's largest private university, Hofstra originated in 1935 as an extension of New York University (NYU) under the name Nassau College – Hofstra Memorial of New York University at Hempstead, Long Island. It became independent Hofstra College in 1939 and gained university status in 1963. Comprising ten schools, including the Northwell School of Medicine and Deane School of Law, Hofstra is noted for a series of prominent Presidential conferences and hosting several United States presidential debates.",https://i.ibb.co/9h11f9y/46HU.jpg
Drexel University,Drexel,,Required,Required,2,4,Counselor / Any / ...,Required,Optional,Optional,Not Allowed,Optional,Common Application / Coalition,,74.7,15346,97,52146,52146,1605398460,1604188860,1610668860,-1,op,50,Common Application / Coalition Application,y,y,https://external-content.duckduckgo.com/iu/?u=https%3A%2F%2Fupload.wikimedia.org%2Fwikipedia%2Fen%2Fthumb%2F1%2F16%2FDrexel_Dragons_logo.svg%2F1200px-Drexel_Dragons_logo.svg.png&f=1&nofb=1,Private,PA,"Drexel University is a private research university with its main campus in Philadelphia, Pennsylvania. It was founded in 1891 by Anthony J. Drexel, a financier and philanthropist. Drexel's cooperative education program (co-op) is a prominent aspect of the school's degree programs, offering students the opportunity to gain up to 18 months of paid, full-time work experience in a field relevant to their undergraduate major or graduate degree program prior to graduation.",https://i.ibb.co/xsnyF8B/47DU.jpg
CUNY Hunter College,Hunter College,,Required,Not Required,0,0,maybe,Required,Optional,Optional,Not Allowed,Optional,not sure,"4 / 1. Tell us about a significant experience, achievement, risk you have taken, or ethical dilemma you have faced and how it impacted you personally. (250-600) 2. Describe a specific interest or talent and how you have pursued it to date or wish to pursue it in the future. (250-600) 3. Provide both an essay question and response that you already completed via The Common Application. (250-600) 4. Submit an essay on the topic of your choice. (250-600)",37.9,7182,10000,14852,31233,-1,-1,1612137660,-1,n/a,65,Common Application / CUNY Application,y,n,https://www.mascotdb.com/sites/default/files/images/logos/40664.png,Public,NY,"Hunter College is one of the constituent colleges of the City University of New York, a public university in New York City. The college offers studies in more than one hundred undergraduate and postgraduate fields across five schools. It also administers Hunter College High School and Hunter College Elementary School.",https://i.ibb.co/nsDd4Xf/48CHC.jpg
University of Iowa,Iowa,UIowa,Not Required,Not Required,0,6,Teacher / Teacher / Teacher / Any / Any / Any,Required,Optional,Optional,Not Allowed,Optional,Common Application,,82.6,23482,84,8073,30036,-1,-1,1619827260,-1,n,40,Common Application / Coalition Application  / UI App,y,y,https://upload.wikimedia.org/wikipedia/en/thumb/7/7b/Iowa_Hawkeyes_logo.svg/1200px-Iowa_Hawkeyes_logo.svg.png,Public,IA,"The University of Iowa (UI, U of I, UIowa, or simply Iowa[4]) is a public research university in Iowa City, Iowa. Located on an urban 1,880 acre campus on the banks of the Iowa River, the University of Iowa is classified among ""R1: Doctoral Universities – Very high research activity.""  The university is best known for its programs in health care, law, and the fine arts, with programs ranking among the top 25 nationally in those areas.",https://i.ibb.co/W04B9bX/49UI.jpg
Johns Hopkins University,Johns Hopkins,,Required,Required,3,3,Counselor / Teacher / Teacher,Required,Optional,Optional,Allowed,Optional,Common Application,"1 / Successful students at Johns Hopkins make the biggest impact by collaborating with others, including peers, mentors, and professors. Talk about a time, in or outside the classroom, when you worked with others and what you learned from the experience. (400)",15,5365,10,48710,48710,1605398460,-1,1609545660,-1,n,70,Common Application / Coalition Application,y,y,https://upload.wikimedia.org/wikipedia/en/thumb/9/90/Johns_Hopkins_Blue_Jays.svg/1200px-Johns_Hopkins_Blue_Jays.svg.png,Private,MD,"The Johns Hopkins University is a private research university in Baltimore, Maryland. Founded in 1876, the university was named for its first benefactor, the American entrepreneur, abolitionist, and philanthropist Johns Hopkins. Johns Hopkins University is considered the first research university in the United States.Over the course of several decades, the university has led all U.S. universities in annual research and development expenditures.",https://i.ibb.co/0B6QL9x/50JHU.jpg
North Carolina State University at Raleigh,NC State,NC State,Required,Required,0,2,Teacher / Any,Required,Optional,Optional,Allowed,Optional,Common Application / Coalition,,44.9,25973,84,6535,26654,-1,1604361660,1610668860,-1,n,85,Common Application / Coalition Application,y,y,https://i.pinimg.com/originals/36/2a/25/362a25066da649c84c9bb000066ba7ca.png,Public,NC,"North Carolina State University (also referred to as NCSU, NC State, or just State) is a public land-grant research university in Raleigh, North Carolina. Founded in 1887 and part of the University of North Carolinasystem, it is the largest university in the Carolinas. The university forms one of the corners of the Research Triangle together with Duke University in Durham and The University of North Carolina at Chapel Hill.",https://i.ibb.co/6n2FRYx/51NCSU.jpg
University at Buffalo,U of Buffalo,UB,Required,Not Required,0,3,Both / Any / Any,Required,Optional,Optional,Not Allowed,Optional,Common Application / Coalition,,61.1,21921,79,7070,24740,-1,1605398460,1612137660,1607990460,n,50,Common Application / Coalition Application  / SUNY Application,y,y,https://i.pinimg.com/originals/48/e3/ff/48e3ff335097dc1b9d8e0dfbb1e7684e.png,Public,NY,"The State University of New York at Buffalo commonly referred to as University at Buffalo (UB), is a public research university with campuses in Buffalo and Amherst, New York. It is the flagship campus of the State University of New York system, with the largest enrollment, largest endowment, and research funding as a comprehensive university center. The university was founded in 1846 as a private medical college and merged with the SUNY system in 1962.",https://i.ibb.co/2dq09tH/52UB.jpg
George Washington University,George Washington,GW,Required,Required,2,2,Teacher / Counselor,Optional,Optional,Optional,Not Allowed,Optional,Common Application,,41.9,12546,70,56845,56845,1604188801,-1,1609804860,-1,n,80,Common Application,y,n,https://images.squarespace-cdn.com/content/v1/5717ee8e1bbee08525c09f91/1466888045941-ZIPQ17MOXMFES2OGAZO0/ke17ZwdGBToddI8pDm48kDmvgM2_GYudIur22MWWiLdZw-zPPgdn4jUwVcJE1ZvW-sqr_Gezo6TlMOa8IzwuK_ut3m2EIRkoOCEuUXL6Bqkp2ryTI0HqTOaaUohrI8PI29l9-UHQrsKU5XxEd-Lyl_wjSaPlQ_KRPWhPqknKv00/image-asset.png?format=500w,Private,DC,"The George Washington University (GW or GWU) is a private research university in Washington, D.C. It was chartered in 1821 by an act of the United States Congress. George Washington's main Foggy Bottom Campus is located in the heart of Washington, D.C., with the International Monetary Fund and the World Bank located on campus and the White House and the U.S. Department of State within blocks of campus. GWU hosts numerous research centers and institutes, including the National Security Archive and the Institute for International Economic Policy.",https://i.ibb.co/6nw7fch/53GWU.jpg
Syracuse University,Syracuse,,Required,Required,3,3,Counselor / Teacher / Teacher,Required,Optional,Optional,Not Allowed,Optional,Common Application,,47,15275,54,52210,52210,1605398460,-1,1609459260,-1,op,85,Common Application / Coalition Application,y,y,https://i0.wp.com/fanapeel.com/wp-content/uploads/logo_-syracuse-university-orange-smiling-teeth-otto-the-orange.png?ssl=1,Private,NY,"Syracuse University (Syracuse, 'Cuse, or SU) is a private research university in Syracuse, New York. The campus is in the University Hill neighborhood of Syracuse, east and southeast of downtown, on one of the larger hills. Its large campus features an eclectic mix of buildings, ranging from nineteenth-century Romanesque Revival structures to contemporary buildings.",https://i.ibb.co/37gX58M/54SU.jpg
Georgia Institute of Technology-Main Campus,Georgia Tech,GT,Required,Required,0,2,Counselor / Teacher,Required,Optional,Optional,Allowed,Optional,One Common Application or One Coalition,"1 / Why do you want to study your chosen major at Georgia Tech, and how do you think Georgia Tech will prepare you to pursue opportunities in that field after graduation? (300)",20.6,16159,29,12682,33794,-1,-1,1609891260,1612051260,n,75,Common Application / Coalition Application,y,y,https://upload.wikimedia.org/wikipedia/en/thumb/6/6c/Georgia_Tech%27s_Buzz_logo.svg/1200px-Georgia_Tech%27s_Buzz_logo.svg.png,Public,GA,"The Georgia Institute of Technology, commonly referred to as Georgia Tech or, in the state of Georgia, as Tech,[8] is a public research university and institute of technology in Atlanta, Georgia.[9] It is part of the University System of Georgia and has satellite campuses in Savannah, Georgia; Metz, France; Athlone, Ireland; Shenzhen, China; and Singapore. Georgia Tech is organized into six colleges and contains about 31 departments/units, with emphasis on science and technology.",https://i.ibb.co/hMY2b4T/55GIT.jpg
University of Maryland-College Park,Maryland,UMD,Required,Not Required,1,2,Counselor / Teacher,Required,Optional,Optional,Not Allowed,Optional,Coalition,,44.1,30511,64,10954,37588,-1,1604188860,1611100860,1604188860,n,75,Coalition Application,n,y,https://static1.squarespace.com/static/5717ee8e1bbee08525c09f91/t/576edf349f7456eedf846e32/1466883898480/?format=1500w,Public,MD,"The University of Maryland, College Park (University of Maryland, UMD, or simply Maryland) is a public research university in College Park, Maryland. Founded in 1856, UMD is the flagship institution of the University System ofMaryland.Itt is also the largest university in both the state and the Washington metropolitan area, with more than 41,000 students representing all fifty states and 123 countries, and a global alumni network of over 360,000.",https://i.ibb.co/7gtTJWt/56UM.jpg
University of Florida,University of Florida,UF,Not Required,Not Required,0,0,na,Required,Optional,Optional,Not Allowed,Optional,Common Application or Coalition,,38.8,35491,34,6390,28658,-1,-1,1604188860,1604188860,n,30,Common Application / Coalition Application,y,y,https://upload.wikimedia.org/wikipedia/en/thumb/1/14/Florida_Gators_gator_logo.svg/1200px-Florida_Gators_gator_logo.svg.png,Public,FL,"The University of Florida (Florida or UF) is a public land-grant, sea-grant, and space-grant research university in Gainesville, Florida. It is a senior member of the State University System of Florida and traces its origins to 1853 and has operated continuously on its Gainesville campus since September 1906. The university is classified among ""R1: Doctoral Universities – Very high research activity"".",https://i.ibb.co/CvbJ4Lf/57UF.jpg
Miami University-Oxford,Miami University,Miami,Required,Not Required,1,1,Both,Required,Optional,Optional,Not Allowed,Optional,Common Application,,80.4,17246,91,15909,35936,1604188860,7035916,1612137660,1606780860,n,50,Common Application,y,n,https://www.pinclipart.com/picdir/big/219-2193189_no-athlete-available-miami-university-oxford-mascot-clipart.png,Public,OH,"Miami University (informally Miami of Ohio or simply Miami) is a public research university in Oxford, Ohio. Miami University is well known for its liberal arts education; it offers more than 120 undergraduate degree programs and over 60 graduate degree programs within its 8 schools and colleges in architecture, business, engineering, humanities and the sciences.",https://i.ibb.co/t2nt5yt/58MU.jpg
Princeton University,Princeton,,Required,Required,3,3,Counselor / Teacher / Teacher,Required,Optional,Optional,Not Allowed,Recommended,Common Application or Coalition or Universal College App,"12 / Please briefly elaborate on one of your extracurricular activities or work experiences that was particularly meaningful to you. (150) / Please tell us how you have spent the last two summers (or vacations between school years), including any jobs you have held. (Roughly 150) / Tell us about a person who has influenced you in a significant way. / “One of the great challenges of our time is that the disparities we face today have more complex causes and point less straightforwardly to solutions.” Omar Wasow, assistant professor of politics, Princeton University. This quote is taken from Professor Wasow’s January 2014 speech at the Martin Luther King Day celebration at Princeton University. / “Culture is what presents us with the kinds of valuable things that can fill a life. And insofar as we can recognize the value in those things and make them part of our lives, our lives are meaningful.”  Gideon Rosen, Stuart Professor of Philosophy and chair,  Department of Philosophy, Princeton University. /  Using a favorite quotation from an essay or book you have read in the last three years as a starting point, tell us about an event or experience that helped you define one of your values or changed how you approach the world. Please write the quotation, title and author at the beginning of your essay. (250 - 650) / Your favorite book and its author / Your favorite website / Your favorite recording / Your favorite source of inspiration / Your favorite line from a movie or book and its title / Your favorite movie / Two adjectives your friends would use to describe you / Your favorite keepsake or memento / Your favorite word / Why you are interested in studying engineering, any experiences in or exposure to engineering you have had and how you think the programs in engineering offered at Princeton suit your particular interests.(300-500)",5.5,5428,1,69950,69950,-1,1604188860,1609459260,-1,n,70,Common Application / Coalition Application / Universal College Application,y,y,https://external-content.duckduckgo.com/iu/?u=https%3A%2F%2Fstatic1.squarespace.com%2Fstatic%2F5717ee8e1bbee08525c09f91%2F576f0b8e20099e977d0da86f%2F576f0ba5b3db2bd35f63ec5c%2F1467056462688%2FCollege%2BLogos_Princeton.png&f=1&nofb=1,Private,NJ,"Princeton University is a private Ivy League research university in Princeton, New Jersey. Princeton is the fourth-oldest institution of higher education in the United States and one of the nine colonial colleges chartered before the American Revolution. It has the largest endowment per student in the United States.",https://i.ibb.co/nnL0vwr/59PU.jpg
Washington University in St Louis,WashU,WUSTL,Required,Required,1,3,Counselor / Teacher / Teacher / Mentor,Required,Optional,Optional,Allowed,Optional,Common Application or Coalition,"1 / Tell us about something that really sparks your intellectual interest and curiosity and compels you to explore more in the program/area of study that you indicated. It could be an idea, book, project, cultural activity, work of art, start-up, music, movie, research, innovation, question, or other pursuit. (250)",15,7751,19,56300,56300,1604188860,-1,1609545660,1609891260,n,75,Common Application / Coalition Application,y,y,https://i.pinimg.com/originals/90/8c/1e/908c1e13e98a49ada1f14b7f8ed8b2a5.png,Private,MO,"Washington University in St. Louis (WashU, or WUSTL) is a private research university in Greater St. Louis with its main campus (Danforth) mostly in unincorporated St. Louis County, Missouri and Clayton, Missouri. It also has a West Campus in Clayton, North Campus in the West End neighborhood of St. Louis, Missouri, and Medical Campus in the Central West End neighborhood of St. Louis, Missouri.",https://i.ibb.co/mSb90G2/60WU.jpg
University of Pittsburgh-Pittsburgh Campus,U of Pittsburgh,,Not Required,Not Required,0,0,none,Required,Optional,Optional,Not Allowed,Optional,Common Application or Coalition or University of Pittsburgh application,"0 / Tell us about something you have read/watched/listened to that made an impact on you. Tell us why it made an impact. (200-300) / If you could create a new product, process, business, or organization, what would this entity look like? (We especially encourage applicants interested in the College of Business Administration or the Swanson School of Engineering to respond to this question.) (200-30) / What else should we know about you? Take this opportunity to tell the Admissions Committee anything else you think we should know as we review your application for admission. (200-300)",49,17181,57,19080,32052,-1,-1,0,-1,n,55,Common Application / Coalition Application / University of Pittsburgh Application,y,y,https://external-content.duckduckgo.com/iu/?u=https%3A%2F%2Fi.pinimg.com%2Foriginals%2Ffc%2F0e%2F93%2Ffc0e93b997de63379a0ba85f4695da14.png&f=1&nofb=1,Public,PA,"The University of Pittsburgh (Pitt) is a public research university in Pittsburgh, Pennsylvania. Pitt is ranked among the top research universities in the United States in both domestic[8][9] and international rankings[10][11][12][13] and it has been listed as a ""best value"" in higher education by several publications.",https://i.ibb.co/MgfR28d/61UP.jpg
Florida State University,Florida State,FSU,Not Required,Not Required,0,0,none,Required,Optional,Optional,Allowed,Optional,0 / Common Application or Coalition or FSU application,,36,33038,57,6516,21683,-1,-1,1614556860,1604188860,n,35,Common Application / Coalition Application / FSU Application,y,y,https://upload.wikimedia.org/wikipedia/en/thumb/d/d5/Florida_State_Seminoles_logo.svg/1200px-Florida_State_Seminoles_logo.svg.png,Public,FL,"Florida State University (Florida State or FSU) is a public space-grant and sea-grant research university in Tallahassee, Florida. It is a senior member of the State University System of Florida. Founded in 1851, it is located on the oldest continuous site of higher education in the state of Florida. The university is classified among ""R1: Doctoral Universities – Very high research activity"".",https://i.ibb.co/1ZHkXq5/62FSU.jpg
Boston College,Boston College,,Required,Required,3,3,Counselor / Teacher / Teacher,Required,Optional,Optional,Not Allowed,Optional,Common Application,"1 / Great art evokes a sense of wonder. It nourishes the mind and spirit. Is there a particular song, poem, speech, or novel from which you have drawn insight or inspiration? (400) /
When you choose a college, you will join a new community of people who have different backgrounds, experiences, and stories. What is it about your background, your experiences, or your story, that will enrich Boston College’s community? (400) /
Boston College strives to provide an undergraduate learning experience emphasizing the liberal arts, quality teaching, personal formation, and engagement of critical issues. If you had the opportunity to create your own college course, what enduring question or contemporary problem would you address and why? (400) / Jesuit education considers the liberal arts a pathway to intellectual growth and character formation. What beliefs and values inform your decisions and actions today, and how will Boston College assist you in becoming a person who thinks and acts for the common good? (400)",28,9377,37,56780,56780,1604188860,-1,1609459260,1604188860,n,80,Common Application,y,n,https://upload.wikimedia.org/wikipedia/en/thumb/9/96/Boston_College_Eagles_logo.svg/1200px-Boston_College_Eagles_logo.svg.png,Private,MA,"Boston College (BC) is a private Jesuit research university in Chestnut Hill, Massachusetts, founded in 1863. Although Boston College is classified as an R1 research university, it still uses the word ""college"" in its name to reflect its historical position as a small liberal arts college. Its main campus is a historic district and features some of the earliest examples of collegiate gothic architecture in North America.",https://i.ibb.co/W6yT0Br/63BC.jpg
University of Michigan - Ann Arbor,Michigan,UMich,Required,Not Required,1,1,academic Teacher,Required,Optional,Optional,Not Allowed,Optional,Common Application or Coalition app,"2 / Everyone belongs to many different communities and/or groups defined by (among other things) shared geography, religion, ethnicity, income, cuisine, interest, race, ideology, or intellectual heritage. Choose one of the communities to which you belong, and describe that community and your place within it. (300) / Describe the unique qualities that attract you to the specific undergraduate College or School (including preferred admission and dual degree programs) to which you are applying at the University of Michigan. How would that curriculum support your interests? (550)",22.9,30318,25,15558,51200,-1,1604188860,1612137660,-1,op,75,Common Application / Coalition Application,y,y,https://i.pinimg.com/originals/2f/23/d1/2f23d1e1501d163585ab7891c8851c95.png,Public,MI,"The University of Michigan (UM, U-M, U of M, or UMich), often simply referred to as Michigan, is a public research university in Ann Arbor, Michigan. The university is Michigan's oldest; it was founded in 1817 in Detroit, as the Catholepistemiad, or the University of Michigania, 20 years before the territory became a state. Considered one of the foremost research universities in the United States with annual research expenditures approaching $1.5 billion,[10][11] Michigan is classified among ""R1: Doctoral Universities – Very high research activity"".",https://i.ibb.co/tQPJdZg/64UM.jpg
University of Southern California,USC,USC,Required,Required,1,1,Counselor/Teacher,Required,Optional,Optional,Not Allowed,Optional,Common Application,"1 / USC believes that one learns best when interacting with people of different backgrounds, experiences and perspectives. Tell us about a time you were exposed to a new idea or when your beliefs were challenged by another point of view. Please discuss the significance of the experience and its effect on you. / USC faculty place an emphasis on interdisciplinary academic opportunities. Describe something outside of your intended academic focus about which you are interested in learning. / What is something about yourself that is essential to understanding you?
",11,20500,22,57526,57526,-1,-1,1606780860,1610668860,n,85,Common Application,y,n,https://i.pinimg.com/originals/d7/11/d2/d711d217b197b9836b05a53c5bf83b86.png,Private,CA,"The University of Southern California (USC, SC, or Southern Cal[a]) is a private research university in Los Angeles, California. Founded in 1880, it is the oldest private research university in California. USC was one of the earliest nodes on ARPANET and is the birthplace of the Domain Name System.[11] Other technologies invented at USC include DNA computing, dynamic programming, image compression, VoIP, and antivirus software.",https://i.ibb.co/vsS4jKY/65USC.jpg
Pennsylvania State University - Main Campus,Penn State,PSU,Not Required,Not Required,0,0,na,Required,Optional,Optional,Not Allowed,Optional,,"0 / Please tell us something about yourself, your experiences, or activities that you believe would reflect positively on your ability to succeed at Penn State. This is your opportunity to tell us something about yourself that is not already reflected in your application or academic records. (500)

",57.6,81080,57,18454,34858,-1,-1,0,-1,n,65,Common Application / Coalition Application / myPennState,y,n,https://upload.wikimedia.org/wikipedia/en/thumb/3/3a/Penn_State_Nittany_Lions_logo.svg/1200px-Penn_State_Nittany_Lions_logo.svg.png,Public,PA,"The Pennsylvania State University (Penn State or PSU) is a public, land-grant research university with campuses and facilities throughout Pennsylvania. Founded in 1855 as the Farmers' High School of Pennsylvania Penn State conducts teaching, research, and public service. Its instructional mission includes undergraduate, graduate, professional and continuing education offered through resident instruction and online delivery.",https://i.ibb.co/9YqjzVS/66PSU.jpg
Northeastern University,Northeastern,,Required,Required,2,2,Counselor/Teacher,Required,Optional,Optional,Allowed,Optional,Common Application or Coalition app,,19,14627,40,50450,50450,1604188860,1604188860,1609459260,-1,n,75,Common Application / Coalition Application,y,n,https://upload.wikimedia.org/wikipedia/en/thumb/4/4d/Northeastern_Huskies_primary_logo.svg/1200px-Northeastern_Huskies_primary_logo.svg.png,Private,MA,"Northeastern University (NU or NEU) is a private research university in Boston, Massachusetts, established in 1898. It is categorized as an R1 institution (Doctoral Universities: Very High Research Activity).  Northeastern features a cooperative education program, more commonly known as ""co-op"", that integrates classroom study with professional experience and contains over 3,100 partners across all seven continents.",https://i.ibb.co/Zhn6DMj/67NU.jpg
University of Minnesota - Twin Cities,U of Minnesota,,Not Required,Not Required,0,0,na,Required,Optional,Optional,Allowed,Optional,none,"0 / Please include an explanation of why you would like to study the major(s) you have selected. You may also use this space to indicate your interest in other major(s) in the colleges listed above. (150) / The University values diversity, broadly defined to include diversity of experiences, perspectives, backgrounds, and talents. Enrolling a diverse community of scholars interested in learning with and from each other fosters discussion and discovery inside and outside of the classroom. Please share briefly how you might contribute to, or benefit from, our community of scholars. (150)",49.3,31455,70,14760,30438,-1,1604188860,1609459260,1604188860,n,55,Common Application / Coalition Application / Golden Gopher Application,y,n,https://external-content.duckduckgo.com/iu/?u=https%3A%2F%2Fcdn3.sportngin.com%2Fattachments%2Fnews_article%2F2092%2F1731%2Fgopherslogo1_large.png&f=1&nofb=1,Public,MN,"The University of Minnesota, Twin Cities, (the U of M, UMN, Minnesota, or simply the U) is a public research university in the Twin Cities of Minneapolis and Saint Paul, Minnesota. The Twin Cities campus comprises locations in Minneapolis and St. Paul approximately 3 miles (4.8 km) apart, and the St. Paul location is in neighboring Falcon Heights.[8] The Twin Cities campus is the oldest and largest in the University of Minnesota system and has the sixth-largest main campus student body in the United States.",https://i.ibb.co/ZKtgc1S/68UM.jpg
Purdue University - Main Campus,Purdue,,Required,Not Required,0,2,Teacher / Any,Required,Optional,Optional,Allowed,Optional,Common Application or Coalition app,"2 / How will opportunities at Purdue support your interests, both in and out of the classroom? (100) / Briefly discuss your reasons for pursuing the major you have selected. (100)
",59.8,32672,57,9992,28794,-1,1604188860,1610668860,1604188860,n,60,Common Application / Coalition Application,y,n,https://upload.wikimedia.org/wikipedia/commons/thumb/3/35/Purdue_Boilermakers_logo.svg/1200px-Purdue_Boilermakers_logo.svg.png,Public,IN,"Purdue University is a public research university in West Lafayette, Indiana, and the flagship campus of the Purdue University system. The main campus in West Lafayette offers more than 200 majors for undergraduates, over 69 masters and doctoral programs, and professional degrees in pharmacy and veterinary medicine.",https://i.ibb.co/jJhpC0x/69.jpg
California Polytechnic State University - San Luis Obispo,Cal Poly SLO,SLO,Not Required,Not Required,0,0,na,Required,Optional,Optional,Allowed,Optional,none,,28.4,21812,10000,9816,21696,-1,-1,1606694460,-1,n,70,Cal State Apply,n,n,https://upload.wikimedia.org/wikipedia/en/thumb/0/0e/Cal_Poly_Mustangs_logo.svg/1200px-Cal_Poly_Mustangs_logo.svg.png,Public,CA,"California Polytechnic State University (California Polytechnic State University, San Luis Obispo, Cal Poly San Luis Obispo, or Cal Poly]) is a public university in San Luis Obispo, California. It is one of two polytechnics in the California State University system. The academic focus is fostering a comprehensive undergraduate education, combining technical and professional curricula with the arts and humanities.

",https://i.ibb.co/Rbp5zsm/70-CPSUSLO.jpg